pt,eta,efficiency
"[0, 300)","[0, 0.6)",0.3033381712626996
"[0, 300)","[0.6, 1.2)",0.16666666666666666
"[0, 300)","[1.2, 2.4)",0.0
"[300, 600)","[0, 0.6)",0.3045337895637297
"[300, 600)","[0.6, 1.2)",0.1111111111111111
"[300, 600)","[1.2, 2.4)",0.0
"[600, 1200)","[0, 0.6)",0.3148984198645598
"[600, 1200)","[0.6, 1.2)",0.0
"[600, 1200)","[1.2, 2.4)",0.0
