{"bins": [0.0, 25.0, 50.0, 75.0, 100.0, 125.0, 150.0, 175.0, 200.0, 225.0, 250.0, 275.0, 300.0, 325.0, 350.0, 375.0, 400.0, 425.0, 450.0, 475.0], "at0bcen": [5.334418294755894e-06, 0.00011794669817459649, 0.00035815342803553697, 0.0003240088870665143, 0.00020274112580927493, 0.0001481952820481206, 0.00010194027510402027, 6.088432068758762e-05, 5.2743001535214616e-05, 2.981481779568774e-05, 1.8837936486391312e-05, 1.3962114921759076e-05, 6.452218153120053e-06, 1.912279949216763e-06, 1.9419030793140652e-06, 2.4648958247436695e-06, 8.272614236631702e-07, 4.0995565539315713e-07, 4.0554105729441927e-07, 1.0382362919870618e-07], "at0bfwd": [1.7950782993097357e-06, 0.00013381549641900217, 0.0003212324134740056, 0.0003241531715981833, 0.0002090017593434571, 0.0001257104592481997, 7.710926641628536e-05, 5.55340754809977e-05, 3.979674993232457e-05, 2.8172526173535285e-05, 1.4469633283041028e-05, 1.2745578754035752e-05, 6.260607787432265e-06, 2.7354901322594264e-06, 1.178552698466075e-06, 8.124458730870351e-07, 5.438846956745682e-07, 3.474461080676636e-07, 1.5076796694372713e-07, 3.5057359767774486e-08], "at1bcen": [3.1003901156607863e-07, 2.6974671494509454e-05, 5.5877047118399745e-05, 6.399187345202176e-05, 3.9972492994475005e-05, 2.626520269467444e-05, 1.9742699531017115e-05, 1.2874361234023792e-05, 1.146624002662752e-05, 6.604700502212931e-06, 4.019325508733564e-06, 6.1717061325939365e-06, 1.967805427204531e-06, 1.5231272664694723e-06, 8.684814276485165e-07, 1.3521492341772182e-06, 2.4435321783838184e-07, 4.728935368609466e-08, 6.507026612940473e-08, 3.908885799068213e-08], "at1bfwd": [0.0, 2.9632138398148566e-05, 5.98884493961525e-05, 6.580224821407304e-05, 4.097170965841115e-05, 2.206875779346227e-05, 1.9018348163782282e-05, 1.2181509732006923e-05, 8.613100635092712e-06, 5.112856012688857e-06, 4.704467165348316e-06, 2.5797589113359286e-06, 4.358031907257966e-06, 1.2632625196015939e-06, 9.630332958176516e-07, 3.016081870900445e-07, 3.2826647279462255e-07, 1.2401333351333776e-07, 9.767090704240604e-08, 3.929724631340869e-08], "at2bcen": [0.0, 4.873115345888502e-07, 4.205829121228279e-06, 4.209830267390266e-06, 1.5807939251489205e-06, 1.0385985923386803e-06, 3.029763493374675e-07, 1.1826429530104744e-06, 9.337993086198869e-07, 2.734962152940652e-07, 1.2719010047361385e-07, 2.6735988444871436e-07, 1.5624270575762816e-07, 1.0947845138988112e-07, 1.3021922693553878e-08, 3.2120634432092414e-09, 1.5568329448153277e-08, 9.828954516089949e-08, 2.779527320277555e-09, 9.533621380579207e-10], "at2bfwd": [0.0, 9.984380506814095e-08, 4.243563633033359e-06, 1.7868981566067471e-06, 1.6201183811167044e-06, 2.36441338318813e-06, 1.4833109580190317e-07, 2.6332602873876033e-07, 5.763231422411986e-07, 1.9725048368495076e-07, 1.7350860167953986e-07, 2.5908531130729924e-08, 5.70966014439382e-08, 1.0584339307844296e-08, 4.972340444775108e-07, 3.271831787649716e-08, 1.0389451595555872e-07, 1.3032821964103284e-07, 1.6157513558449475e-11, 9.095041426020738e-09], "pret0bcen": [1.2301402373550767e-06, 2.9654844175520317e-05, 7.189071817361517e-05, 6.830513024771603e-05, 3.881388577869808e-05, 2.8307008209489005e-05, 2.3160328442878734e-05, 2.0280235611015282e-05, 8.584389742644087e-06, 1.0531866295583035e-05, 4.063861070371464e-06, 4.0493685387013845e-06, 4.250997067428288e-06, 1.1610836601112874e-06, 2.7200432801434305e-07, 1.8341923398832673e-07, 1.7964298751314677e-07, 4.7328586786028205e-08, 3.615598397792488e-08, 7.373438897059483e-08], "pret0bfwd": [0.0, 2.3406261847623817e-05, 8.175513440543343e-05, 7.06802911350659e-05, 3.774291459489555e-05, 2.4880339619912622e-05, 2.3784147599387988e-05, 1.0479766497691282e-05, 5.178654048933037e-06, 5.158886760767535e-06, 3.1876819139463327e-06, 1.4113453137186838e-06, 9.081332782796528e-07, 1.6932363435316453e-06, 7.917673868543494e-08, 3.8551521023294e-08, 1.299815997460537e-07, 8.397227824576197e-08, 2.14890081601692e-08, 7.633520972864117e-09], "pret1bcen": [2.6530209397176987e-07, 6.662788515176431e-06, 1.9635699931696204e-05, 1.4683082196503234e-05, 1.5542423727520554e-05, 1.0975891979207377e-05, 3.332492508763447e-06, 2.5282987935841086e-06, 2.5190666334674725e-06, 3.950752322397777e-06, 2.051825491930199e-06, 3.5607111116288506e-07, 2.0244737660075004e-07, 1.3260952048060557e-06, 9.71316829454528e-08, 3.38440564632275e-07, 7.127341559798209e-08, 5.921562214845543e-08, 1.0222974548580564e-08, 1.570521529659931e-08], "pret1bfwd": [2.5559704547855792e-08, 1.1034642387354439e-05, 1.1379149575757263e-05, 1.385644473518753e-05, 6.9247208810028306e-06, 5.6525829524787454e-06, 4.0695676144721535e-06, 2.8056298738809207e-06, 1.5483927994024308e-06, 2.3688943383191327e-06, 1.3055981712063922e-06, 6.699003197400009e-07, 2.7409557480058186e-07, 1.7238578457615568e-07, 7.995001877561086e-08, 1.473697614305388e-07, 6.744491747831589e-08, 1.0916387497246864e-07, 1.1962686244472932e-07, 1.1128592408884426e-09], "pret2bcen": [0.0, 2.664300486073814e-07, 8.23808313529575e-07, 9.976409458222705e-07, 7.787394795143024e-07, 3.404616898842818e-07, 3.0686274660424677e-07, 1.6157285786625308e-07, 4.394670251771718e-07, 2.474650295390953e-08, 1.0522579161107997e-08, 3.300461078444349e-08, 1.1096077145599358e-11, 8.627627149256658e-09, 1.3149160805277284e-08, 2.2464656948472368e-08, 1.390602317208837e-08, 3.0836232726127426e-12, 1.1166479882059232e-09, 4.94444782510328e-12], "pret2bfwd": [0.0, 2.7382548773012802e-08, 2.6649599806302196e-06, 3.663444062504192e-07, 3.699302166113138e-08, 2.0164044312992453e-08, 4.693048304685674e-08, 3.804512631835145e-07, 3.3760279817231364e-09, 7.767274658831536e-08, 3.613041123564825e-09, 3.0204404248254865e-10, 1.2114605247740525e-09, 2.7847516773886927e-10, 3.94632734002313e-08, 4.7362157490000015e-08, 3.9619474114943893e-10, 1.9809737057471946e-09, 5.641949531401311e-14, 0.0], "2t0bcen": [0.0, 0.0, 0.0, 0.0, 1.666445683140003e-07, 2.0312421585741502e-06, 3.657787360595961e-06, 6.370437343762204e-06, 6.081714278167432e-07, 8.962014229704116e-08, 1.5486753918100395e-09, 1.3717526775054743e-08, 1.1847636849464434e-08, 5.829934767198691e-09, 1.891996012214687e-09, 4.838574928534769e-11, 1.881382484685214e-10, 1.5465507031427038e-11, 4.703952716881063e-10, 1.162540807322301e-12], "2t0bfwd": [0.0, 0.0, 0.0, 0.0, 5.238305766054007e-07, 4.236478651528422e-06, 3.442575038372655e-06, 2.0613688493533574e-06, 9.767047261492806e-07, 8.698572575036612e-07, 8.746293195774509e-08, 1.4243988560182744e-08, 5.515662762803892e-08, 7.219721717723206e-10, 1.2830028352604132e-10, 1.1420099636557963e-11, 0.0, 3.1770355217084183e-12, 0.0, 5.512576841609385e-13], "2t1bcen": [0.0, 0.0, 0.0, 0.0, 0.0, 1.961935020085694e-06, 5.383562186555479e-07, 3.757646684616414e-07, 4.0331095840587755e-07, 5.692558767088695e-09, 2.1023547989387622e-08, 3.4398034490975426e-11, 5.522018402706262e-10, 4.1180978125239174e-14, 8.993162234488322e-12, 5.89274786521193e-11, 1.7406490458677079e-12, 1.1929430346667609e-12, 3.277106789819143e-13, 4.326868254230102e-18], "2t1bfwd": [0.0, 0.0, 0.0, 0.0, 0.0, 1.1359255531848665e-06, 6.036054853066659e-07, 8.149218928032244e-07, 2.828678334042028e-07, 5.6581951880290805e-11, 1.6293532401173145e-12, 2.0249368557562792e-08, 3.2726985653799385e-13, 2.2523826167526164e-10, 0.0, 0.0, 1.561392954832121e-08, 0.0, 0.0, 0.0], "2t2bcen": [0.0, 0.0, 0.0, 0.0, 0.0, 0.0, 1.931384429076511e-11, 8.369332525998214e-11, 5.3358968568309725e-09, 5.336051086464334e-09, 0.0, 0.0, 0.0, 0.0, 0.0, 0.0, 0.0, 0.0, 0.0, 0.0], "2t2bfwd": [0.0, 0.0, 0.0, 0.0, 0.0, 3.5359587197876053e-10, 4.441619064247538e-08, 0.0, 2.961079376165025e-09, 0.0, 0.0, 0.0, 0.0, 0.0, 0.0, 0.0, 0.0, 0.0, 0.0, 0.0]}