{
    "2bcen": {
        "param": [
            0.930526548555,
            1.55080279981,
            0.853717463416,
            -1.7301177413,
            2.40990548727
        ],
        "error": [
            0.134593452355,
            1.7047113343,
            5.37865974044,
            4.82594026072,
            0.905905564895
        ],
        "function": "3x1"
    },
    "1bcen": {
        "param": [
            0.157903561264,
            0.350947640999,
            -0.889155744851,
            0.721742608355,
            13.546777024
        ],
        "error": [
            0.0140030417307,
            0.103214688169,
            0.298436136057,
            0.246597752318,
            1.57278699421
        ],
        "function": "3x1"
    },
    "0bcen": {
        "param": [
            0.0177125482904,
            1.26850375461
        ],
        "error": [
            0.00421965280724,
            0.0280109421751
        ],
        "function": "0x1"
    },
    "2bfwd": {
        "param": [
            1.05432777922,
            4.73173469398,
            -10.1775995319,
            9.98029154272,
            0.469030620052
        ],
        "error": [
            0.147835523383,
            2.19214042165,
            7.63660689806,
            7.61026341695,
            0.337688492955
        ],
        "function": "3x1"
    },
    "1bfwd": {
        "param": [
            0.236187183599,
            0.0772234683366,
            0.279363528958,
            -0.201292028063,
            4.40087678869
        ],
        "error": [
            0.0179748526245,
            0.131545572035,
            0.432024990388,
            0.392939183218,
            0.539362144284
        ],
        "function": "3x1"
    },
    "0bfwd": {
        "param": [
            0.0293929563514,
            0.680464083908
        ],
        "error": [
            0.00549420919981,
            0.019224034678
        ],
        "function": "0x1"
    }
}