{
    "2bcen": {
        "param": [
            0.95882413444,
            2.31151569983,
            -2.75846531175,
            2.0540040688,
            2.14882411683
        ],
        "error": [
            0.0984354145824,
            1.30869379258,
            3.8929912016,
            3.31330967188,
            0.551311727978
        ],
        "function": "3x1"
    },
    "1bcen": {
        "param": [
            0.184019485195,
            0.349931687373,
            -0.836797120089,
            0.628390775883,
            11.0528558203
        ],
        "error": [
            0.0135008438169,
            0.0981377520236,
            0.305666596306,
            0.260316316886,
            1.0968079589
        ],
        "function": "3x1"
    },
    "0bcen": {
        "param": [
            0.0288373617492,
            1.33217236444
        ],
        "error": [
            0.00519257427974,
            0.0353917847757
        ],
        "function": "0x1"
    },
    "2bfwd": {
        "param": [
            0.874379452643,
            6.10489781655,
            -10.525527646,
            5.30513899137,
            0.559328907589
        ],
        "error": [
            0.0924944562697,
            1.40164461483,
            4.36381025604,
            3.86225542101,
            0.244460786932
        ],
        "function": "3x1"
    },
    "1bfwd": {
        "param": [
            0.211286206412,
            0.171427470237,
            -0.483342422389,
            0.499944052318,
            5.8335908748
        ],
        "error": [
            0.0163374952443,
            0.0949076867238,
            0.315773292432,
            0.285089552245,
            0.652586382095
        ],
        "function": "3x1"
    },
    "0bfwd": {
        "param": [
            0.0368480464724,
            0.746802691879
        ],
        "error": [
            0.00643774896083,
            0.023306676282
        ],
        "function": "0x1"
    }
}