{
    "2bcen": {
        "param": [
            1.18355606756,
            2.83991389102,
            -5.21826832687,
            3.9966135212,
            1.69789885785
        ],
        "error": [
            0.124912615374,
            1.63050141699,
            4.77881801861,
            3.95207503941,
            0.587395343999
        ],
        "function": "3x1"
    },
    "1bcen": {
        "param": [
            0.198907937472,
            0.238015046959,
            -0.633603702327,
            0.56731445495,
            11.9140973117
        ],
        "error": [
            0.0128811555151,
            0.0992913688609,
            0.282827551181,
            0.230387572977,
            1.06493246173
        ],
        "function": "3x1"
    },
    "0bcen": {
        "param": [
            0.0206933033333,
            1.45389735981
        ],
        "error": [
            0.00384882092511,
            0.0255295096714
        ],
        "function": "0x1"
    },
    "2bfwd": {
        "param": [
            1.286460396,
            0.545829481317,
            5.76831720869,
            -5.33308466128,
            0.308133883292
        ],
        "error": [
            0.128220541282,
            1.79364605677,
            5.76166459308,
            5.3020253662,
            0.259378805586
        ],
        "function": "3x1"
    },
    "1bfwd": {
        "param": [
            0.254147228013,
            0.0802555448707,
            -0.384578094715,
            0.900034210278,
            4.69351487376
        ],
        "error": [
            0.015947293978,
            0.123139252349,
            0.400003320434,
            0.378619185321,
            0.483726960139
        ],
        "function": "3x1"
    },
    "0bfwd": {
        "param": [
            0.0370790549385,
            0.782353076563
        ],
        "error": [
            0.00458169181218,
            0.0165063940595
        ],
        "function": "0x1"
    }
}