,jetp bins,at0bcen,at0bfwd,at1bcen,at1bfwd,at2bcen,at2bfwd,pret0bcen,pret0bfwd,pret1bcen,pret1bfwd,pret2bcen,pret2bfwd,2t0bcen,2t0bfwd,2t1bcen,2t1bfwd,2t2bcen,2t2bfwd
0,400.0,0.029780404255353457,0.02979724986964214,0.11601381808163982,0.11700144844581475,0.19545503226479277,0.18372567513931415,0.0,0.0,0.0,0.0,0.0,0.0,0.0,0.0,0.0,0.0,0.0,0.0
1,500.0,0.032501269013793285,0.03195737541560046,0.11557013730284507,0.11836088330136571,0.1976081596400033,0.18502698117961278,0.0,0.0,0.0,0.0,0.0,0.0,0.0,0.0,0.0,0.0,0.0,0.0
2,600.0,0.03855635719701864,0.037321294972900064,0.12191939331643935,0.12283310616056173,0.20319731227179014,0.21169059346098015,0.0,0.0,0.0,0.0,0.0,0.0,0.0,0.0,0.0,0.0,0.0,0.0
3,800.0,0.04582089121110406,0.04218865235992823,0.12826394259127988,0.12134671682277394,0.208920590121566,0.19560910608078308,0.0,0.0,0.0,0.0,0.0,0.0,0.0,0.0,0.0,0.0,0.0,0.0
4,1000.0,0.05333665374409457,0.050715098782856634,0.1297911539235411,0.12258792790377354,0.20258277563714433,0.1838938406300651,0.0,0.0,0.0,0.0,0.0,0.0,0.0,0.0,0.0,0.0,0.0,0.0
5,1500.0,0.06550706399389165,0.06395872834613744,0.1376193591486789,0.13180890221214692,0.20565223169739413,0.1972773772867359,0.0,0.0,0.0,0.0,0.0,0.0,0.0,0.0,0.0,0.0,0.0,0.0
6,2000.0,0.08074906163294487,0.08406747563626472,0.14228972764328635,0.14203239940658116,0.21856434656679044,0.20990661544985362,0.0,0.0,0.0,0.0,0.0,0.0,0.0,0.0,0.0,0.0,0.0,0.0
7,3000.0,0.10943808089284829,0.11898870855892227,0.14475089608202568,0.17046689782237448,0.16432584940554262,0.24838954539667224,0.0,0.0,0.0,0.0,0.0,0.0,0.0,0.0,0.0,0.0,0.0,0.0
8,7000.0,0.0,0.0,0.0,0.0,0.0,0.0,0.0,0.0,0.0,0.0,0.0,0.0,0.0,0.0,0.0,0.0,0.0,0.0
